﻿<?xml version="1.0" encoding="UTF-8"?>


<!DOCTYPE sip-app
   PUBLIC "-//Java Community Process//DTD SIP Application 1.0//EN"
   "http://www.jcp.org/dtd/sip-app_1_0.dtd">


<sip-app>
	<display-name>WLSS Registrar</display-name>
	<distributable />

	<context-param>
		<param-name>
			com.maretzke.sip.tools.registrar.Registrar.TraceLevel
		</param-name>
		<param-value>all</param-value>
	</context-param>

	<context-param>
		<param-name>
			com.maretzke.sip.tools.proxy.LookupProxy.TraceLevel
		</param-name>
		<param-value>all</param-value>
	</context-param>

	<listener>
		<listener-class>
			com.maretzke.sip.tools.registrar.Registrar
		</listener-class>
	</listener>

	<servlet>
		<servlet-name>registrar</servlet-name>
		<servlet-class>
			com.maretzke.sip.tools.registrar.Registrar
		</servlet-class>

		<init-param>
			<param-name>Registrar.Domain</param-name>
			<param-value>thesipdomain.de</param-value>
		</init-param>

		<init-param>
			<param-name>Registrar.MinExpireValue</param-name>
			<param-value>10</param-value>
		</init-param>

		<load-on-startup />
	</servlet>

	<servlet>
		<servlet-name>lookupproxy</servlet-name>
		<servlet-class>
			com.maretzke.sip.tools.proxy.LookupProxy
		</servlet-class>

		<init-param>
			<param-name>LookupProxy.Domain</param-name>
			<param-value>thesipdomain.de</param-value>
		</init-param>

		<load-on-startup />
	</servlet>


	<servlet-mapping>
		<servlet-name>registrar</servlet-name>
		<pattern>
			<equal>
				<var>request.method</var>
				<value>REGISTER</value>
			</equal>
		</pattern>
	</servlet-mapping>

	<servlet-mapping>
		<servlet-name>lookupproxy</servlet-name>
		<pattern>
			<equal>
				<var>request.method</var>
				<value>INVITE</value>
			</equal>
		</pattern>
	</servlet-mapping>

</sip-app>